val_pct_std;freq_word_soundex_containment;words_cnt_sd;len_avg_word;frequency_max;val_pct_max;last_word;constancy;first_word;entropy;len_min_word;attribute_name;len_max_word;is_empty;frequency_iqr;frequency_2qo;is_binary;frequency_avg;frequency_min;frequency_1qo;words_cnt_max;incompleteness;frequency_4qo;frequency_3qo;dataset_name;cardinality;val_pct_min;frequency_6qo;uniqueness;frequency_5qo;frequency_7qo;words_cnt_min;words_cnt_avg;frequency_sd;freq_word_containment;number_words;
0.0;[A200, B550, B160, B430, B624, C631, C630, C414, C400, C420];0.0;5;1.0;0.019230769230769232;wood;0.019230769230769232;ash;5.700439718141095;3;"object";11;0;0.0;0.019230769230769232;0;1.0;1.0;0.019230769230769232;1.0;0.0;0.019230769230769232;0.019230769230769232;colorObjects.csv;52.0;0.019230769230769232;0.019230769230769232;1.0;0.019230769230769232;0.019230769230769232;1.0;1.0;0.0;[ash, banana, beaver, blood, broccoli, cardboard, carrot, cauliflower, cello, chalk];52.0;
0.06481653671674123;[B650, W300, G650, B420, G600, Y400, R300, B400, O652, P520];0.0;4;10.0;0.19230769230769232;yellow;0.19230769230769232;black;2.9938565561882955;3;"color";6;0;0.1346153846153846;0.038461538461538464;0;5.2;1.0;0.019230769230769232;1.0;0.0;0.07692307692307693;0.057692307692307696;colorObjects.csv;10.0;0.019230769230769232;0.17307692307692307;0.19230769230769232;0.11538461538461539;0.19230769230769232;1.0;1.0;3.370459909270544;[brown, white, green, black, grey, yellow, red, blue, orange, pink];52.0;
