val_pct_std;freq_word_soundex_containment;words_cnt_sd;len_avg_word;frequency_max;val_pct_max;last_word;constancy;first_word;entropy;len_min_word;attribute_name;len_max_word;is_empty;frequency_iqr;frequency_2qo;is_binary;frequency_avg;frequency_min;frequency_1qo;words_cnt_max;incompleteness;frequency_4qo;frequency_3qo;dataset_name;cardinality;val_pct_min;frequency_6qo;uniqueness;frequency_5qo;frequency_7qo;words_cnt_min;words_cnt_avg;frequency_sd;freq_word_containment;number_words;
4.1348432857450575E-4;[C520, K600, A125, A415, A426, A562, A536, A524, A524, A532];0.6794431236933243;6;2.0;0.00881057268722467;zimbabwe;0.00881057268722467;afghanistan;7.808927341916446;1;"Country";13;0;0.0;0.004405286343612335;0;1.008888888888889;1.0;0.004405286343612335;5.0;0.0;0.004405286343612335;0.004405286343612335;countries_of_the_world.csv;225.0;0.004405286343612335;0.004405286343612335;0.9911894273127754;0.004405286343612335;0.004405286343612335;1.0;1.3127753303964758;0.09386094258641281;[congo, korea, afghanistan, albania, algeria, american samoa, andorra, angola, anguilla, antigua & barbuda];298.0;
0.06567104042065679;[S126, L355, W236, A225, O250, N623, C153, E236, N636, N636];1.0883464749986327;5;48.0;0.21145374449339208;western europe;0.21145374449339208;asia (ex. near east);3.2433726073141993;1;"Region";16;0;0.08370044052863436;0.004405286343612335;0;13.352941176470589;1.0;0.004405286343612335;4.0;0.0;0.02643171806167401;0.013215859030837005;countries_of_the_world.csv;17.0;0.004405286343612335;0.0881057268722467;0.07488986784140969;0.05286343612334802;0.12334801762114538;1.0;2.66079295154185;14.90732617548909;[sub-saharan africa, latin amer. & carib, western europe, asia (ex. near east), oceania, near east, c.w. of ind. states, eastern europe, northern africa, northern america];604.0;
0.0;[244, 403, 439, 52, 538, 65, 651, 702];0.0;2;1.0;0.004405286343612335;702;0.004405286343612335;244;3.0;2;"C15";3;0;0.0;0.004405286343612335;0;1.0;1.0;0.004405286343612335;1.0;0.9647577092511013;0.004405286343612335;0.004405286343612335;countries_of_the_world.csv;8.0;0.004405286343612335;0.004405286343612335;0.03524229074889868;0.004405286343612335;0.004405286343612335;1.0;1.0;0.0;[244, 403, 439, 52, 538, 65, 651, 702];8.0;
