val_pct_std;freq_word_soundex_containment;words_cnt_sd;len_avg_word;frequency_max;val_pct_max;last_word;constancy;first_word;entropy;len_min_word;attribute_name;len_max_word;is_empty;frequency_iqr;frequency_2qo;is_binary;frequency_avg;frequency_min;frequency_1qo;words_cnt_max;incompleteness;frequency_4qo;frequency_3qo;dataset_name;cardinality;val_pct_min;frequency_6qo;uniqueness;frequency_5qo;frequency_7qo;words_cnt_min;words_cnt_avg;frequency_sd;freq_word_containment;number_words;
0.29886059596778936;[V320, P625, V160];0.0;5;36720.0;0.7344;vydaj;0.7344;prijem;0.9274533059646736;5;"type";6;0;0.71708;0.01732;0;16666.666666666668;866.0;0.01732;1.0;0.0;0.24828;0.24828;financial_trans.csv;3.0;0.01732;0.7344;6.0E-5;0.24828;0.7344;1.0;1.0;14943.029798389467;[vydaj, prijem, vyber];50000.0;
0.1640018214532997;[V160, P613, V243, P613, V162];0.9494796416985501;4;24279.0;0.48558;vyber kartou;0.48558;prevod na ucet;1.8107902910666742;1;"operation";6;0;0.1655;0.09042;0;10000.0;511.0;0.01022;3.0;0.0;0.15786;0.09042;financial_trans.csv;5.0;0.01022;0.25592;1.0E-4;0.25592;0.48558;1.0;1.7029;8200.091072664985;[vyber, prevod na ucet, vklad, prevod z uctu, vyber kartou];85145.0;
0.1824304672714755;[N400, S421, S100, D230, P223, U160];0.0;4;26841.0;0.53682;uver;0.53682;duchod;1.6985569667588438;4;"ksymbol";8;0;0.15798;0.02286;0;7766.166666666667;159.0;0.00318;1.0;0.06806;0.0426;0.0426;financial_trans.csv;6.0;0.00318;0.18084;1.2E-4;0.14564;0.53682;1.0;1.0;9121.523363573775;[null, sluzby, sipo, duchod, pojistne, uver];46597.0;
0.16153993645345954;[N400, M000, I200, K400, G000, E100, S300, Q600, U100, O100];0.0;3;32683.0;0.65366;yz;0.65366;ab;2.20525608521951;2;"bank";4;0;0.00888;0.02248;0;3571.4285714285716;1031.0;0.0208;1.0;0.0;0.02744;0.02466;financial_trans.csv;14.0;0.02062;0.03136;2.8E-4;0.02906;0.03386;1.0;1.0;8076.996822672977;[null, mn, ij, kl, gh, ef, st, qr, uv, op];50000.0;
0.029846137332075542;[N400, 0, 15384018, 58325630, 76209622, 12078875, 24612278, 39513594, 66487163, 68241083];0.0;5;31824.0;0.63648;null;0.63648;0;4.0303523769317975;1;"account";8;0;7.4E-4;4.4E-4;0;110.37527593818984;1.0;3.0E-4;1.0;0.0;6.8E-4;5.4E-4;financial_trans.csv;453.0;2.0E-5;0.00118;0.00906;9.8E-4;0.00128;1.0;1.0;1492.306866603777;[null, 0, 15384018, 58325630, 76209622, 12078875, 24612278, 39513594, 66487163, 68241083];50000.0;
