val_pct_std;freq_word_soundex_containment;words_cnt_sd;len_avg_word;frequency_max;val_pct_max;last_word;constancy;first_word;entropy;len_min_word;attribute_name;len_max_word;is_empty;frequency_iqr;frequency_2qo;is_binary;frequency_avg;frequency_min;frequency_1qo;words_cnt_max;incompleteness;frequency_4qo;frequency_3qo;dataset_name;cardinality;val_pct_min;frequency_6qo;uniqueness;frequency_5qo;frequency_7qo;words_cnt_min;words_cnt_avg;frequency_sd;freq_word_containment;number_words;
0.003225747299715296;[Q600, Y200, A100, W200, S300, K400, U100, I200, G000, O100];0.0;2;531.0;0.08205841446453407;yz;0.08205841446453407;ab;3.699165088390071;2;"bankto";2;0;0.004636068613815485;0.07494977592335034;0;497.7692307692308;458.0;0.07201359913460052;1.0;0.0;0.07711327460979756;0.07525884716427136;financial_order.csv;13.0;0.0707773141709164;0.07958584453716581;0.00200896306598671;0.07896770205532375;0.08051305825992891;1.0;1.0;20.87381077645768;[qr, yz, ab, wx, st, kl, uv, ij, gh, op];6471.0;
0.19993233653243775;[S100, U160, P223, L252];0.0;4;3502.0;0.5411837428527275;uver;0.5411837428527275;leasing;1.3713189996441977;4;"ksymbol";8;0;0.05810539329315407;0.05269664657703601;0;1273.0;341.0;0.05269664657703601;1.0;0.21310462061505178;0.08221295008499459;0.08221295008499459;financial_order.csv;4.0;0.05269664657703601;0.11080203987019008;6.181424818420646E-4;0.11080203987019008;0.5411837428527275;1.0;1.0;1293.7621497014047;[sipo, uver, pojistne, leasing];5092.0;
