val_pct_std;freq_word_soundex_containment;words_cnt_sd;len_avg_word;frequency_max;val_pct_max;last_word;constancy;first_word;entropy;len_min_word;attribute_name;len_max_word;is_empty;frequency_iqr;frequency_2qo;is_binary;frequency_avg;frequency_min;frequency_1qo;words_cnt_max;incompleteness;frequency_4qo;frequency_3qo;dataset_name;cardinality;val_pct_min;frequency_6qo;uniqueness;frequency_5qo;frequency_7qo;words_cnt_min;words_cnt_avg;frequency_sd;freq_word_containment;number_words;
0.0;[188_1+1, 188_1+2, 188_1+3, 188_1+4, 190_1+1, 190_1+2, 190_1+3, 190_1+4, 199_1+1, 199_1+2];0.0;7;1.0;0.0021008403361344537;jp13_2+4;0.0021008403361344537;188_1+1;8.894817763308016;7;"conformationname";9;0;0.0;0.0021008403361344537;0;1.0;1.0;0.0021008403361344537;1.0;0.0;0.0021008403361344537;0.0021008403361344537;muskSmall_conformation.csv;476.0;0.0021008403361344537;0.0021008403361344537;1.0;0.0021008403361344537;0.0021008403361344537;1.0;1.0;0.0;[188_1+1, 188_1+2, 188_1+3, 188_1+4, 190_1+1, 190_1+2, 190_1+3, 190_1+4, 199_1+1, 199_1+2];476.0;
0.013439841952468178;[N520, N520, N520, N520, N520, N520, M200, M200, M200, M200];0.0;10;40.0;0.08403361344537816;non-musk-jp13;0.08403361344537816;musk-188;5.948368518600217;8;"moleculename";13;0;0.0063025210084033615;0.004201680672268907;0;5.173913043478261;2.0;0.004201680672268907;1.0;0.0;0.008403361344537815;0.0063025210084033615;muskSmall_conformation.csv;92.0;0.004201680672268907;0.01050420168067227;0.19327731092436976;0.008403361344537815;0.01680672268907563;1.0;1.0;6.397364769374853;[non-musk-j146, non-musk-j147, non-musk-288, non-musk-j93, non-musk-232, non-musk-286, musk-240, musk-285, musk-314, musk-322];476.0;
