val_pct_std;freq_word_soundex_containment;words_cnt_sd;len_avg_word;frequency_max;val_pct_max;last_word;constancy;first_word;entropy;len_min_word;attribute_name;len_max_word;is_empty;frequency_iqr;frequency_2qo;is_binary;frequency_avg;frequency_min;frequency_1qo;words_cnt_max;incompleteness;frequency_4qo;frequency_3qo;dataset_name;cardinality;val_pct_min;frequency_6qo;uniqueness;frequency_5qo;frequency_7qo;words_cnt_min;words_cnt_avg;frequency_sd;freq_word_containment;number_words;
0.00217720904261369;[D000, D000, D000, D000, D000, D000, D000, D000, D000, D000];0.0;3;5.0;0.012690355329949238;d97;0.012690355329949238;d1;7.689791034045628;2;"Arg0";5;0;0.0025380710659898475;0.0025380710659898475;0;1.7056277056277056;1.0;0.0025380710659898475;1.0;0.0;0.005076142131979695;0.0025380710659898475;pte_ind.csv;231.0;0.0025380710659898475;0.005076142131979695;0.5862944162436549;0.005076142131979695;0.007614213197969543;1.0;1.0;0.857820362789794;[d48, d54, d67, d8, d123, d324, d326, d63, d13, d18];394.0;
0.07354758904871746;[D000, A550, H430, N360, M354, M320, D000, D000, D000, E320];0.0;5;120.0;0.30456852791878175;ring_size_4;0.30456852791878175;amino;3.247255985879407;3;"Arg1";11;0;0.03299492385786802;0.01015228426395939;0;19.7;1.0;0.005076142131979695;1.0;0.0;0.015228426395939087;0.012690355329949238;pte_ind.csv;20.0;0.0025380710659898475;0.04314720812182741;0.050761421319796954;0.027918781725888325;0.13705583756345177;1.0;1.0;28.97775008519468;[di10, amino, halide10, nitro, methanol, methoxy, di23, di227, di48, ethoxy];394.0;
