val_pct_std;freq_word_soundex_containment;words_cnt_sd;len_avg_word;frequency_max;val_pct_max;last_word;constancy;first_word;entropy;len_min_word;attribute_name;len_max_word;is_empty;frequency_iqr;frequency_2qo;is_binary;frequency_avg;frequency_min;frequency_1qo;words_cnt_max;incompleteness;frequency_4qo;frequency_3qo;dataset_name;cardinality;val_pct_min;frequency_6qo;uniqueness;frequency_5qo;frequency_7qo;words_cnt_min;words_cnt_avg;frequency_sd;freq_word_containment;number_words;
0.0027798431227015184;[D000, D000, D000, D000, D000, D000, D000, D000, D000, D000];0.0;3;6.0;0.01643835616438356;d99;0.01643835616438356;d1;7.580993912599278;2;"Arg0";5;0;0.0027397260273972603;0.0027397260273972603;0;1.6367713004484306;1.0;0.0027397260273972603;1.0;0.0;0.0027397260273972603;0.0027397260273972603;pte_non_ar_6c_ring.csv;223.0;0.0027397260273972603;0.005479452054794521;0.6109589041095891;0.005479452054794521;0.00821917808219178;1.0;1.0;1.0146427397860542;[d201, d322, d329, d330, d246, d128, d155, d183, d188, d212];365.0;
0.0;[D000, D000, D000, D000, D000, D000, D000, D000, D000, D000];0.0;42;1.0;0.0027397260273972603;[d9_1,d9_2,d9_3,d9_4,d9_5,d9_6];0.0027397260273972603;[d100_1,d100_2,d100_3,d100_4,d100_5,d100_6];8.511752653767386;31;"Set";55;0;0.0;0.0027397260273972603;0;1.0;1.0;0.0027397260273972603;1.0;0.0;0.0027397260273972603;0.0027397260273972603;pte_non_ar_6c_ring.csv;365.0;0.0027397260273972603;0.0027397260273972603;1.0;0.0027397260273972603;0.0027397260273972603;1.0;1.0;0.0;[[d100_1,d100_2,d100_3,d100_4,d100_5,d100_6], [d100_11,d100_12,d100_13,d100_14,d100_15,d100_16], [d101_1,d101_2,d101_3,d101_4,d101_5,d101_6], [d106_1,d106_2,d106_3,d106_4,d106_5,d106_6], [d106_1,d106_6,d106_7,d106_8,d106_9,d106_10], [d108_1,d108_2,d108_3,d108_4,d108_5,d108_6], [d108_11,d108_12,d108_13,d108_14,d108_15,d108_16], [d109_6,d109_7,d109_8,d109_9,d109_10,d109_11], [d10_1,d10_2,d10_3,d10_4,d10_5,d10_6], [d110_1,d110_2,d110_3,d110_4,d110_5,d110_6]];365.0;
