val_pct_std;freq_word_soundex_containment;words_cnt_sd;len_avg_word;frequency_max;val_pct_max;last_word;constancy;first_word;entropy;len_min_word;attribute_name;len_max_word;is_empty;frequency_iqr;frequency_2qo;is_binary;frequency_avg;frequency_min;frequency_1qo;words_cnt_max;incompleteness;frequency_4qo;frequency_3qo;dataset_name;cardinality;val_pct_min;frequency_6qo;uniqueness;frequency_5qo;frequency_7qo;words_cnt_min;words_cnt_avg;frequency_sd;freq_word_containment;number_words;
0.003278251645952962;[A236, H526, I245, I264, M632, N364, R550, S350, U533, U533];0.8145955302125217;7;456.0;0.010416666666666666;zimbabwe;0.010416666666666666;albania;6.937615121319137;2;"country";12;0;0.005208333333333333;0.004660087719298245;0;310.468085106383;12.0;0.001918859649122807;4.0;0.0;0.00849780701754386;0.00712719298245614;who_suicide_statistics.csv;141.0;2.7412280701754384E-4;0.009868421052631578;0.0032209429824561404;0.00932017543859649;0.010142543859649123;1.0;1.410361842105263;143.50874405323685;[austria, hungary, iceland, israel, mauritius, netherlands, romania, sweden, united kingdom, united states of america];61740.0;
0.0;[F540, M400];0.0;5;21888.0;0.5;male;0.5;female;1.0;4;"sex";6;0;0.0;0.5;0;21888.0;21888.0;0.5;1.0;0.0;0.5;0.5;who_suicide_statistics.csv;2.0;0.5;0.5;4.5687134502923974E-5;0.5;0.5;1.0;1.0;0.0;[female, male];43776.0;
0.0;[Y620, Y620, Y620, Y620, Y620, Y620];0.0;4;7296.0;0.16666666666666666;75+ years;0.16666666666666666;15-24 years;2.584962500721156;3;"age";5;0;0.0;0.16666666666666666;0;7296.0;7296.0;0.16666666666666666;2.0;0.0;0.16666666666666666;0.16666666666666666;who_suicide_statistics.csv;6.0;0.16666666666666666;0.16666666666666666;1.3706140350877192E-4;0.16666666666666666;0.16666666666666666;2.0;2.0;0.0;[15-24 years, 25-34 years, 35-54 years, 5-14 years, 55-74 years, 75+ years];87552.0;
