val_pct_std;freq_word_soundex_containment;words_cnt_sd;len_avg_word;frequency_max;val_pct_max;last_word;constancy;first_word;entropy;len_min_word;attribute_name;len_max_word;is_empty;frequency_iqr;frequency_2qo;is_binary;frequency_avg;frequency_min;frequency_1qo;words_cnt_max;incompleteness;frequency_4qo;frequency_3qo;dataset_name;cardinality;val_pct_min;frequency_6qo;uniqueness;frequency_5qo;frequency_7qo;words_cnt_min;words_cnt_avg;frequency_sd;freq_word_containment;number_words;
0.0;[A125, A453, A415, A426, A562, A536, A524, A524, A536, A532];0.9530636755710328;6;1.0;0.00411522633744856;zimbabwe;0.00411522633744856;afghanistan;7.924812503605761;2;"Country";13;0;0.0;0.00411522633744856;0;1.0;1.0;0.00411522633744856;6.0;0.0;0.00411522633744856;0.00411522633744856;World_countries_env_vars.csv;243.0;0.00411522633744856;0.00411522633744856;1.0;0.00411522633744856;0.00411522633744856;1.0;1.5102880658436213;0.0;[afghanistan, aland, albania, algeria, american samoa, andorra, angola, anguilla, antarctica, antigua and barbuda];367.0;
0.0;[101.5140547, 104.6813711, 108.1433595, 108.6990401, 112.3620914, 114.2289826, 114.7163515, 114.9074963, 115.2755415, 116.5514301];0.0;10;1.0;0.00411522633744856;97.50453286;0.00411522633744856;101.5140547;7.876516946564981;3;"cloudiness";11;0;0.0;0.00411522633744856;0;1.0;1.0;0.00411522633744856;1.0;0.03292181069958848;0.00411522633744856;0.00411522633744856;World_countries_env_vars.csv;235.0;0.00411522633744856;0.00411522633744856;0.9670781893004116;0.00411522633744856;0.00411522633744856;1.0;1.0;0.0;[101.5140547, 104.6813711, 108.1433595, 108.6990401, 112.3620914, 114.2289826, 114.7163515, 114.9074963, 115.2755415, 116.5514301];235.0;
